GEOID,NAME,rent_30E,rent_30M,rent_35E,rent_35M,rent_40E,rent_40M,rent_50E,rent_50M,rent_30_10kE,rent_30_10kM,rent_35_10kE,rent_35_10kM,rent_40_10kE,rent_40_10kM,rent_50_10kE,rent_50_10kM,rent_30_20kE,rent_30_20kM,rent_35_20kE,rent_35_20kM,rent_40_20kE,rent_40_20kM,rent_50_20kE,rent_50_20kM,rent_30_35kE,rent_30_35kM,rent_35_35kE,rent_35_35kM,rent_40_35kE,rent_40_35kM,rent_50_35kE,rent_50_35kM,rent_30_50kE,rent_30_50kM,rent_35_50kE,rent_35_50kM,rent_40_50kE,rent_40_50kM,rent_50_50kE,rent_50_50kM,rent_30_75kE,rent_30_75kM,rent_35_75kE,rent_35_75kM,rent_40_75kE,rent_40_75kM,rent_50_75kE,rent_50_75kM,med_rentE,med_rentM,no_bedE,no_bedM,one_bedE,one_bedM,med_rent_percE,med_rent_percM,two_bedE,two_bedM,three_bedE,three_bedM,four_bedE,four_bedM,five_bedE,five_bedM,eligible_old,eligible_renters
10001042000,"Census Tract 420, Kent County, Delaware",0,12,7,13,11,16,0,12,0,12,0,12,0,12,0,12,0,12,0,12,0,12,0,12,0,12,0,12,0,12,0,12,0,12,0,12,11,16,0,12,0,12,7,13,0,12,0,12,838,55,NA,NA,NA,NA,18.1,2.7,NA,NA,895,836,NA,NA,NA,NA,18,18
10001042900,"Census Tract 429, Kent County, Delaware",10,11,27,38,0,12,48,37,0,12,0,12,0,12,0,12,0,12,0,12,0,12,28,41,2,3,0,12,0,12,20,24,6,10,27,38,0,12,0,12,2,3,0,12,0,12,0,12,1132,156,NA,NA,NA,NA,26,4.4,1085,526,1175,202,NA,NA,NA,NA,85,85
10001040700,"Census Tract 407, Kent County, Delaware",60,65,15,25,98,103,276,158,0,12,0,12,0,12,52,75,0,12,0,12,19,32,173,127,51,63,0,12,55,85,51,62,0,12,15,25,24,38,0,12,9,17,0,12,0,12,0,12,807,271,NA,NA,768,335,45.5,13,515,102,1454,225,NA,NA,NA,NA,449,449
10001041400,"Census Tract 414, Kent County, Delaware",141,74,102,78,35,31,285,103,0,12,0,12,8,13,111,82,9,16,13,20,6,13,107,70,53,46,61,66,21,24,67,47,60,39,28,44,0,12,0,12,19,30,0,12,0,12,0,12,1022,66,322,210,953,46,35.6,3.8,1056,71,1082,331,1090,424,NA,NA,563,563
10001041500,"Census Tract 415, Kent County, Delaware",87,55,74,62,80,69,195,93,0,12,9,18,0,12,31,40,0,12,0,12,0,12,121,79,23,37,65,62,45,59,43,32,27,33,0,12,35,35,0,12,25,29,0,12,0,12,0,12,948,74,NA,NA,666,184,33.5,5.4,792,55,1423,117,1677,127,1773,256,436,424
10001041801,"Census Tract 418.01, Kent County, Delaware",44,35,79,72,139,89,154,74,0,19,0,19,3,5,18,16,0,19,0,19,18,24,74,57,10,8,14,11,40,44,62,49,24,29,65,72,20,34,0,19,10,15,0,19,54,77,0,19,1120,52,NA,NA,921,65,34.4,9.2,1076,39,1193,175,1174,139,NA,NA,416,412
10001041802,"Census Tract 418.02, Kent County, Delaware",0,17,54,67,125,100,88,61,0,17,0,17,0,17,15,24,0,17,0,17,0,17,13,21,0,17,0,17,19,22,40,41,0,17,54,67,56,58,20,31,0,17,0,17,50,76,0,17,1408,120,NA,NA,NA,NA,22.1,9.9,1376,51,1540,204,1154,58,NA,NA,267,267
10001040100,"Census Tract 401, Kent County, Delaware",49,55,69,65,9,11,12,11,0,17,0,17,0,17,0,17,0,17,0,17,0,17,10,11,0,17,23,35,9,11,2,3,19,28,46,55,0,17,0,17,30,47,0,17,0,17,0,17,1123,182,NA,NA,NA,NA,33,5.4,965,215,1326,118,NA,NA,NA,NA,139,139
10001041100,"Census Tract 411, Kent County, Delaware",114,82,127,71,240,100,368,108,0,12,0,12,0,12,19,20,0,12,0,12,0,12,17,20,0,12,0,12,0,12,231,91,10,15,53,53,240,100,101,64,104,75,74,52,0,12,0,12,1568,80,NA,NA,NA,NA,40.8,4.5,1300,115,1519,97,1792,69,NA,NA,849,849
10001041200,"Census Tract 412, Kent County, Delaware",57,50,53,51,46,37,94,74,25,41,0,12,0,12,7,13,0,12,0,12,16,25,0,12,12,20,8,12,16,18,54,54,0,12,45,50,0,12,33,49,8,14,0,12,14,22,0,12,1121,117,NA,NA,894,194,29.3,4.8,772,298,1190,105,1830,184,NA,NA,250,238
10001041900,"Census Tract 419, Kent County, Delaware",32,38,0,17,11,17,46,39,0,17,0,17,0,17,9,14,19,32,0,17,0,17,25,34,0,17,0,17,11,17,12,18,13,20,0,17,0,17,0,17,0,17,0,17,0,17,0,17,1014,325,NA,NA,NA,NA,24.7,12.2,1038,673,897,604,NA,NA,NA,NA,89,89
10001042201,"Census Tract 422.01, Kent County, Delaware",131,123,38,65,315,163,221,134,0,19,0,19,29,45,61,85,38,61,0,19,0,19,125,83,0,19,0,19,231,150,2,11,59,72,38,65,55,59,33,54,34,42,0,19,0,19,0,19,1108,156,NA,NA,NA,NA,33.1,8.4,971,220,1107,169,1380,117,NA,NA,705,705
10001042500,"Census Tract 425, Kent County, Delaware",97,78,96,74,112,110,148,75,45,59,0,12,0,12,66,49,0,12,0,12,0,12,82,67,30,38,0,12,82,96,0,12,22,40,96,74,30,49,0,12,0,12,0,12,0,12,0,12,959,38,NA,NA,397,243,28.2,4.1,960,49,1060,105,NA,NA,NA,NA,453,453
10001041000,"Census Tract 410, Kent County, Delaware",157,108,145,103,98,84,359,169,22,34,0,17,0,17,57,55,44,64,0,17,34,52,274,152,17,26,16,24,51,62,28,34,44,75,129,100,0,17,0,17,30,40,0,17,13,22,0,17,1055,71,NA,NA,810,210,32.3,6.1,1064,77,1416,231,1698,297,NA,NA,759,759
10003001600,"Census Tract 16, New Castle County, Delaware",68,49,33,33,47,40,154,65,0,12,26,30,0,12,58,40,12,12,0,12,10,16,75,49,56,48,0,12,37,37,18,20,0,12,7,12,0,12,3,6,0,12,0,12,0,12,0,12,912,64,NA,NA,705,121,30.2,6.8,974,48,1042,233,NA,NA,NA,NA,302,302
10003002300,"Census Tract 23, New Castle County, Delaware",87,87,27,21,56,54,201,115,0,12,0,12,0,12,51,61,0,12,0,12,0,12,62,74,72,84,16,19,40,49,65,53,15,25,11,17,16,27,23,36,0,12,0,12,0,12,0,12,1013,131,NA,NA,982,115,34,9.8,885,97,1072,176,1253,181,NA,NA,371,371
10003012000,"Census Tract 120, New Castle County, Delaware",0,12,44,47,0,12,68,46,0,12,0,12,0,12,19,22,0,12,0,12,0,12,28,26,0,12,9,15,0,12,21,34,0,12,25,41,0,12,0,12,0,12,10,15,0,12,0,12,994,95,NA,NA,941,20,24.3,7.8,971,65,1699,99,NA,NA,NA,NA,112,112
10003012200,"Census Tract 122, New Castle County, Delaware",52,48,13,19,6,10,212,98,0,12,0,12,0,12,82,65,0,12,0,12,0,12,63,47,33,40,13,19,6,10,67,56,12,19,0,12,0,12,0,12,7,12,0,12,0,12,0,12,1046,105,NA,NA,779,54,25.9,9,1009,81,1239,210,NA,NA,NA,NA,283,283
10003012900,"Census Tract 129, New Castle County, Delaware",159,81,131,74,47,40,135,74,0,12,0,12,0,12,52,39,0,12,0,12,0,12,42,27,93,62,103,64,28,30,33,55,66,58,28,36,19,27,8,12,0,12,0,12,0,12,0,12,943,72,NA,NA,858,41,33.7,2.3,990,88,1125,503,1542,483,NA,NA,472,472
10003013200,"Census Tract 132, New Castle County, Delaware",23,38,23,36,0,12,87,65,0,12,0,12,0,12,58,57,0,12,0,12,0,12,22,34,23,38,23,36,0,12,7,13,0,12,0,12,0,12,0,12,0,12,0,12,0,12,0,12,885,276,NA,NA,NA,NA,34.8,19.7,836,71,NA,NA,NA,NA,NA,NA,133,133
10003013604,"Census Tract 136.04, New Castle County, Delaware",21,23,0,12,54,46,34,38,0,12,0,12,0,12,0,12,0,12,0,12,0,12,25,35,10,16,0,12,54,46,9,13,11,17,0,12,0,12,0,12,0,12,0,12,0,12,0,12,1151,136,NA,NA,NA,NA,30.7,13,1160,61,NA,NA,NA,NA,NA,NA,109,109
10003014200,"Census Tract 142, New Castle County, Delaware",0,12,0,12,0,12,15,16,0,12,0,12,0,12,15,16,0,12,0,12,0,12,0,12,0,12,0,12,0,12,0,12,0,12,0,12,0,12,0,12,0,12,0,12,0,12,0,12,1395,127,NA,NA,NA,NA,19.2,45.6,NA,NA,1591,272,NA,NA,NA,NA,15,15
10003014702,"Census Tract 147.02, New Castle County, Delaware",5,8,0,12,4,6,13,18,0,12,0,12,0,12,13,18,0,12,0,12,0,12,0,12,0,12,0,12,0,12,0,12,0,12,0,12,4,6,0,12,5,8,0,12,0,12,0,12,1848,302,NA,NA,NA,NA,23.9,22.4,1589,243,2125,223,NA,NA,NA,NA,22,22
10003014705,"Census Tract 147.05, New Castle County, Delaware",88,70,40,43,56,53,96,56,0,17,0,17,0,17,28,26,0,17,9,14,0,17,34,42,0,17,0,17,25,22,25,23,0,17,0,17,31,50,9,15,88,70,31,41,0,17,0,17,1348,58,1381,61,963,231,28.7,6.8,1346,45,1720,92,1272,181,NA,NA,280,280
10003001200,"Census Tract 12, New Castle County, Delaware",35,33,13,13,40,32,15,13,0,12,0,12,0,12,11,12,0,12,0,12,0,12,4,6,0,12,0,12,4,6,0,12,19,29,0,12,0,12,0,12,16,15,13,13,14,21,0,12,1498,162,NA,NA,1056,108,19.5,2.6,1612,132,1719,118,NA,NA,NA,NA,103,81
10003011400,"Census Tract 114, New Castle County, Delaware",0,12,0,12,38,39,89,50,0,12,0,12,0,12,22,34,0,12,0,12,0,12,14,18,0,12,0,12,30,37,23,21,0,12,0,12,0,12,7,13,0,12,0,12,0,12,8,12,1078,937,916,65,3250,2493,44.9,17.3,3469,1395,1659,469,NA,NA,NA,NA,127,104
10003012600,"Census Tract 126, New Castle County, Delaware",66,55,11,19,0,12,11,17,0,12,0,12,0,12,0,12,0,12,0,12,0,12,11,17,19,32,0,12,0,12,0,12,0,12,11,19,0,12,0,12,47,44,0,12,0,12,0,12,1618,198,NA,NA,822,184,29.2,5.9,717,295,1750,146,NA,NA,NA,NA,88,88
10003012700,"Census Tract 127, New Castle County, Delaware",14,18,42,54,9,11,189,76,0,12,28,49,0,12,101,73,0,12,0,12,0,12,6,11,0,12,14,23,9,11,82,58,14,18,0,12,0,12,0,12,0,12,0,12,0,12,0,12,1104,117,NA,NA,507,286,34.5,15.9,1131,89,1452,370,NA,NA,NA,NA,254,254
10003013608,"Census Tract 136.08, New Castle County, Delaware",3,5,17,25,16,15,90,34,0,12,0,12,0,12,8,9,0,12,0,12,0,12,62,34,0,12,0,12,16,15,20,15,3,5,0,12,0,12,0,12,0,12,17,25,0,12,0,12,1059,67,NA,NA,946,12,28.3,19.2,1104,32,NA,NA,1697,150,NA,NA,126,126
10003013611,"Census Tract 136.11, New Castle County, Delaware",83,80,100,95,65,53,81,47,0,17,0,17,0,17,30,34,0,17,0,17,0,17,25,30,43,68,0,17,29,33,26,21,14,23,100,95,36,42,0,17,12,19,0,17,0,17,0,17,1197,61,NA,NA,1235,121,27.2,2.9,1157,67,NA,NA,NA,NA,NA,NA,329,315
10003001100,"Census Tract 11, New Castle County, Delaware",162,88,26,33,103,87,274,147,13,25,0,12,0,12,147,115,0,12,0,12,23,33,37,30,116,84,15,23,70,69,0,12,14,23,11,22,10,18,90,95,9,15,0,12,0,12,0,12,1095,52,536,19,1022,62,27,2.9,1443,157,NA,NA,NA,NA,NA,NA,565,555
10003002700,"Census Tract 27, New Castle County, Delaware",6,9,29,24,24,25,119,49,0,12,0,12,0,12,8,14,0,12,0,12,0,12,42,28,0,12,11,15,24,25,48,37,6,9,6,9,0,12,21,25,0,12,12,19,0,12,0,12,1393,84,1524,202,1349,147,29,12.1,1227,136,1601,239,NA,NA,NA,NA,178,178
10003010400,"Census Tract 104, New Castle County, Delaware",19,22,16,18,28,35,70,41,0,12,0,12,0,12,34,34,0,12,0,12,0,12,36,25,0,12,0,12,0,12,0,12,0,12,16,18,28,35,0,12,19,22,0,12,0,12,0,12,1313,76,NA,NA,1146,28,17.7,2.4,1345,67,1565,497,1488,217,NA,NA,133,133
10003011204,"Census Tract 112.04, New Castle County, Delaware",8,13,17,17,0,12,31,24,0,12,0,12,0,12,7,11,0,12,0,12,0,12,0,12,8,13,8,12,0,12,24,20,0,12,0,12,0,12,0,12,0,12,9,12,0,12,0,12,1086,80,NA,NA,896,380,25.7,4.2,1130,65,NA,NA,NA,NA,NA,NA,56,56
10003011900,"Census Tract 119, New Castle County, Delaware",0,12,9,16,6,10,60,48,0,12,0,12,0,12,27,32,0,12,0,12,0,12,33,39,0,12,9,16,0,12,0,12,0,12,0,12,0,12,0,12,0,12,0,12,6,10,0,12,1120,135,NA,NA,NA,NA,27.5,41.2,981,67,1180,572,NA,NA,NA,NA,75,75
10003012500,"Census Tract 125, New Castle County, Delaware",123,92,35,51,59,73,139,89,0,12,0,12,0,12,17,28,0,12,0,12,0,12,70,76,13,21,35,51,46,71,52,54,110,88,0,12,13,22,0,12,0,12,0,12,0,12,0,12,1137,115,NA,NA,736,58,33.1,4.6,1115,29,1365,21,NA,NA,NA,NA,356,356
10003013100,"Census Tract 131, New Castle County, Delaware",6,12,10,11,10,10,26,30,0,12,0,12,0,12,6,10,0,12,0,12,0,12,0,12,0,12,5,7,10,10,3,5,6,12,5,7,0,12,17,28,0,12,0,12,0,12,0,12,1010,269,NA,NA,NA,NA,19.4,10.4,1031,151,1535,364,NA,NA,NA,NA,52,52
10003013300,"Census Tract 133, New Castle County, Delaware",15,25,16,23,0,12,32,27,0,12,0,12,0,12,0,12,0,12,0,12,0,12,26,26,0,12,0,12,0,12,6,9,0,12,0,12,0,12,0,12,15,25,16,23,0,12,0,12,1571,253,NA,NA,NA,NA,35,16.9,NA,NA,1541,247,NA,NA,NA,NA,63,63
10003013800,"Census Tract 138, New Castle County, Delaware",103,64,39,41,19,26,136,102,0,17,0,17,0,17,47,61,0,17,13,24,0,17,0,17,0,17,0,17,15,25,50,60,39,45,13,21,4,8,39,60,51,41,13,22,0,17,0,17,1286,85,NA,NA,1198,95,19.9,3.7,1282,115,1430,196,NA,NA,NA,NA,297,284
10003014000,"Census Tract 140, New Castle County, Delaware",152,125,11,18,190,97,240,124,0,17,0,17,0,17,52,50,0,17,0,17,0,17,175,109,64,80,0,17,190,97,13,22,88,90,11,18,0,17,0,17,0,17,0,17,0,17,0,17,989,38,NA,NA,912,34,30.7,4.3,1095,36,1261,212,NA,NA,NA,NA,593,593
10003014100,"Census Tract 141, New Castle County, Delaware",10,17,24,24,85,69,40,45,0,12,0,12,8,13,0,12,0,12,0,12,7,11,26,37,0,12,8,12,35,49,14,22,0,12,8,13,0,12,0,12,10,17,8,13,35,50,0,12,1119,70,NA,NA,NA,NA,26.3,3.1,1099,40,1551,203,2036,363,NA,NA,159,159
10003014403,"Census Tract 144.03, New Castle County, Delaware",51,51,51,48,109,67,304,130,9,14,0,17,0,17,63,43,0,17,18,30,0,17,122,107,0,17,24,33,89,62,106,101,0,17,9,14,14,22,13,20,42,47,0,17,6,10,0,17,1171,47,NA,NA,1077,45,34.6,9.3,1125,92,1562,374,1568,647,NA,NA,515,515
10003014803,"Census Tract 148.03, New Castle County, Delaware",40,32,0,12,58,54,32,26,0,12,0,12,0,12,0,12,0,12,0,12,0,12,16,18,17,20,0,12,44,50,16,18,16,18,0,12,14,20,0,12,7,13,0,12,0,12,0,12,987,96,NA,NA,944,49,25,7.2,1150,173,2087,911,NA,NA,NA,NA,130,130
10003015000,"Census Tract 150, New Castle County, Delaware",24,46,33,50,62,68,168,97,0,17,0,17,0,17,45,57,0,17,0,17,0,17,63,74,10,17,33,50,62,68,60,48,0,17,0,17,0,17,0,17,14,47,0,17,0,17,0,17,988,72,NA,NA,887,139,34.7,15.5,1027,78,NA,NA,NA,NA,NA,NA,287,287
10003015900,"Census Tract 159, New Castle County, Delaware",61,57,45,58,0,12,17,21,0,12,0,12,0,12,0,12,0,12,0,12,0,12,0,12,0,12,0,12,0,12,17,21,61,57,0,12,0,12,0,12,0,12,45,58,0,12,0,12,1289,278,NA,NA,NA,NA,32.2,8.6,NA,NA,1362,310,NA,NA,NA,NA,123,123
10005050405,"Census Tract 504.05, Sussex County, Delaware",59,72,54,63,14,21,64,54,0,12,0,12,0,12,9,16,0,12,0,12,10,17,44,50,0,12,10,16,4,12,11,17,55,70,44,61,0,12,0,12,4,13,0,12,0,12,0,12,852,81,NA,NA,682,134,27.3,11.5,883,177,NA,NA,NA,NA,NA,NA,191,191
10005050406,"Census Tract 504.06, Sussex County, Delaware",7,12,102,79,172,110,212,118,0,17,32,40,10,16,84,75,7,12,23,38,130,109,52,64,0,17,32,49,8,12,76,78,0,17,0,17,0,17,0,17,0,17,7,12,17,18,0,17,815,393,NA,NA,NA,NA,37.2,10.6,598,451,1358,79,NA,NA,NA,NA,493,478
10005050407,"Census Tract 504.07, Sussex County, Delaware",50,45,30,28,65,44,77,51,0,17,0,17,0,17,0,17,0,17,0,17,0,17,35,40,0,17,0,17,59,42,42,29,42,41,21,24,6,10,0,17,0,17,9,13,0,17,0,17,1138,36,NA,NA,1063,116,31.6,6.8,1128,36,1273,253,NA,NA,NA,NA,222,214
10005050408,"Census Tract 504.08, Sussex County, Delaware",36,41,10,16,0,12,96,63,0,12,0,12,0,12,10,15,0,12,0,12,0,12,58,57,0,12,0,12,0,12,18,19,36,41,10,16,0,12,10,15,0,12,0,12,0,12,0,12,1028,204,NA,NA,NA,NA,30.1,10.9,809,190,1059,63,NA,NA,NA,NA,142,142
10005050503,"Census Tract 505.03, Sussex County, Delaware",67,54,70,64,147,113,211,141,0,17,0,17,0,17,56,76,30,35,15,23,90,62,30,39,37,42,15,26,12,19,43,40,0,17,40,56,0,17,82,121,0,17,0,17,45,68,0,17,832,196,NA,NA,518,17,34.2,8.4,810,190,1152,389,1655,108,NA,NA,495,495
10001040501,"Census Tract 405.01, Kent County, Delaware",18,29,132,108,70,59,160,78,0,12,0,12,0,12,16,26,0,12,0,12,0,12,62,51,0,12,96,91,57,52,82,58,18,29,36,58,13,20,0,12,0,12,0,12,0,12,0,12,1076,168,NA,NA,1069,283,38.2,3.8,977,51,1328,280,1563,295,NA,NA,380,380
10001040502,"Census Tract 405.02, Kent County, Delaware",16,18,35,34,9,14,90,48,0,12,0,12,0,12,0,12,0,12,19,29,0,12,75,47,16,18,13,20,0,12,15,17,0,12,0,12,9,14,0,12,0,12,0,12,0,12,0,12,833,259,NA,NA,NA,NA,39.4,19.4,760,189,1265,147,1667,957,NA,NA,150,147
10001043202,"Census Tract 432.02, Kent County, Delaware",65,50,0,12,102,72,145,75,0,12,0,12,0,12,65,48,6,9,0,12,0,12,13,16,44,48,0,12,90,67,56,57,15,14,0,12,12,18,11,14,0,12,0,12,0,12,0,12,988,91,NA,NA,938,72,33.2,12.9,935,144,1083,241,1260,190,NA,NA,312,312
10001043300,"Census Tract 433, Kent County, Delaware",116,72,112,79,48,42,252,91,0,17,0,17,0,17,87,61,28,46,12,20,0,17,99,63,32,33,0,17,31,42,59,40,30,24,100,76,0,17,7,12,15,25,0,17,0,17,0,17,1232,97,1090,110,725,438,33.4,4.2,1306,89,1283,195,NA,NA,NA,NA,528,500
10001043400,"Census Tract 434, Kent County, Delaware",111,65,6,13,34,30,122,73,0,17,0,17,0,17,3,6,0,17,0,17,0,17,107,75,30,28,0,17,23,24,12,20,81,61,0,17,11,18,0,17,0,17,6,13,0,17,0,17,904,94,727,137,616,244,31.2,3.2,778,87,949,80,NA,NA,NA,NA,273,273
10001990000,"Census Tract 9900, Kent County, Delaware",0,12,0,12,0,12,0,12,0,12,0,12,0,12,0,12,0,12,0,12,0,12,0,12,0,12,0,12,0,12,0,12,0,12,0,12,0,12,0,12,0,12,0,12,0,12,0,12,NA,NA,NA,NA,NA,NA,NA,NA,NA,NA,NA,NA,NA,NA,NA,NA,0,0
10003013903,"Census Tract 139.03, New Castle County, Delaware",8,13,0,17,0,17,6,16,0,17,0,17,0,17,0,17,0,17,0,17,0,17,0,17,0,17,0,17,0,17,0,17,0,17,0,17,0,17,6,16,8,13,0,17,0,17,0,17,1383,94,NA,NA,NA,NA,16.1,3.1,NA,NA,1400,346,NA,NA,NA,NA,14,14
10003013904,"Census Tract 139.04, New Castle County, Delaware",147,104,106,108,115,98,226,134,0,17,0,17,0,17,37,41,0,17,0,17,37,59,51,60,0,17,0,17,16,22,69,87,67,53,94,107,62,76,17,26,45,74,12,19,0,17,52,83,1383,48,NA,NA,1158,139,23.7,6.2,1356,41,1855,162,2150,293,NA,NA,594,559
10003014809,"Census Tract 148.09, New Castle County, Delaware",34,37,13,20,82,91,94,93,0,17,0,17,0,17,37,46,0,17,0,17,0,17,0,17,0,17,0,17,18,30,21,41,0,17,0,17,64,85,0,17,26,33,13,20,0,17,36,52,1692,72,NA,NA,1358,29,24.2,3.2,1722,34,1781,61,NA,NA,NA,NA,223,215
10005051203,"Census Tract 512.03, Sussex County, Delaware",0,12,0,12,0,12,0,12,0,12,0,12,0,12,0,12,0,12,0,12,0,12,0,12,0,12,0,12,0,12,0,12,0,12,0,12,0,12,0,12,0,12,0,12,0,12,0,12,NA,NA,NA,NA,NA,NA,NA,NA,NA,NA,NA,NA,NA,NA,NA,NA,0,0
10005051204,"Census Tract 512.04, Sussex County, Delaware",0,12,0,12,0,12,0,12,0,12,0,12,0,12,0,12,0,12,0,12,0,12,0,12,0,12,0,12,0,12,0,12,0,12,0,12,0,12,0,12,0,12,0,12,0,12,0,12,NA,NA,NA,NA,NA,NA,NA,NA,NA,NA,NA,NA,NA,NA,NA,NA,0,0
10005051205,"Census Tract 512.05, Sussex County, Delaware",0,12,0,12,2,3,0,12,0,12,0,12,0,12,0,12,0,12,0,12,0,12,0,12,0,12,0,12,0,12,0,12,0,12,0,12,2,3,0,12,0,12,0,12,0,12,0,12,1063,574,NA,NA,NA,NA,16.6,2.7,NA,NA,NA,NA,NA,NA,NA,NA,2,2
10005051305,"Census Tract 513.05, Sussex County, Delaware",79,63,17,19,70,47,53,32,0,12,0,12,0,12,0,12,0,12,0,12,13,19,35,28,0,12,0,12,48,41,18,19,33,43,17,19,0,12,0,12,46,42,0,12,9,14,0,12,1274,181,1313,150,NA,NA,34.7,7.3,863,281,1452,210,1555,949,NA,NA,219,219
10005051306,"Census Tract 513.06, Sussex County, Delaware",11,18,19,20,0,12,26,20,0,12,0,12,0,12,18,20,0,12,0,12,0,12,8,14,0,12,0,12,0,12,0,12,0,12,10,15,0,12,0,12,11,18,9,14,0,12,0,12,1530,443,NA,NA,NA,NA,29.7,11.4,1091,211,1817,235,NA,NA,NA,NA,56,56
10005990000,"Census Tract 9900, Sussex County, Delaware",0,12,0,12,0,12,0,12,0,12,0,12,0,12,0,12,0,12,0,12,0,12,0,12,0,12,0,12,0,12,0,12,0,12,0,12,0,12,0,12,0,12,0,12,0,12,0,12,NA,NA,NA,NA,NA,NA,NA,NA,NA,NA,NA,NA,NA,NA,NA,NA,0,0
10003014404,"Census Tract 144.04, New Castle County, Delaware",14,24,20,33,93,94,186,97,0,12,0,12,0,12,29,33,0,12,0,12,0,12,48,61,0,12,0,12,20,26,97,85,0,12,0,12,64,93,12,18,14,24,20,33,9,15,0,12,1592,136,NA,NA,1307,166,43.9,10.3,1702,78,NA,NA,NA,NA,NA,NA,313,313
10003014903,"Census Tract 149.03, New Castle County, Delaware",56,68,30,36,33,38,355,144,0,17,0,17,0,17,0,17,0,17,0,17,0,17,171,97,0,17,0,17,33,38,184,133,37,60,10,16,0,17,0,17,19,30,20,33,0,17,0,17,1261,91,NA,NA,1351,51,29,10.7,1168,120,1325,86,NA,NA,NA,NA,474,474
10003000300,"Census Tract 3, New Castle County, Delaware",36,35,32,44,10,17,166,79,0,12,0,12,0,12,60,48,0,12,0,12,0,12,81,58,17,25,0,12,10,17,25,38,8,13,32,44,0,12,0,12,11,16,0,12,0,12,0,12,1010,187,NA,NA,776,105,32.2,9.8,970,393,1143,170,NA,NA,NA,NA,244,244
10003000601,"Census Tract 6.01, New Castle County, Delaware",28,29,18,23,59,47,172,75,0,12,0,12,0,12,61,51,0,12,0,12,22,34,63,51,12,13,5,8,33,36,48,37,16,25,13,21,4,7,0,12,0,12,0,12,0,12,0,12,1144,188,NA,NA,NA,NA,36.9,13.8,1339,469,1092,157,1330,481,NA,NA,277,277
10003002100,"Census Tract 21, New Castle County, Delaware",68,38,45,33,26,18,184,59,0,12,25,28,0,12,110,53,53,34,9,15,14,13,32,31,11,18,0,12,12,13,19,22,4,7,11,16,0,12,23,21,0,12,0,12,0,12,0,12,607,265,329,38,349,91,32.3,4.5,963,320,1192,108,672,567,NA,NA,323,323
10003002500,"Census Tract 25, New Castle County, Delaware",43,54,30,48,105,53,99,87,0,12,0,12,0,12,0,12,0,12,0,12,0,12,32,51,6,11,30,48,95,51,67,74,0,12,0,12,10,17,0,12,37,54,0,12,0,12,0,12,959,182,NA,NA,874,206,37.4,10.7,NA,NA,1279,136,NA,NA,NA,NA,277,277
10003011201,"Census Tract 112.01, New Castle County, Delaware",7,11,5,8,10,11,14,14,0,12,0,12,0,12,6,9,0,12,0,12,0,12,5,8,0,12,0,12,0,12,3,6,0,12,0,12,10,11,0,12,7,11,5,8,0,12,0,12,1398,63,NA,NA,1075,251,17.4,2.2,1387,28,1802,94,NA,NA,NA,NA,36,36
10003011300,"Census Tract 113, New Castle County, Delaware",0,12,0,12,15,14,52,31,0,12,0,12,0,12,5,8,0,12,0,12,0,12,15,16,0,12,0,12,10,11,27,26,0,12,0,12,5,8,0,12,0,12,0,12,0,12,5,7,1133,339,NA,NA,911,223,28.5,19.9,918,231,NA,NA,NA,NA,NA,NA,67,67
10003011500,"Census Tract 115, New Castle County, Delaware",0,12,0,12,41,47,45,56,0,12,0,12,0,12,35,54,0,12,0,12,0,12,0,12,0,12,0,12,41,47,10,17,0,12,0,12,0,12,0,12,0,12,0,12,0,12,0,12,1021,550,NA,NA,NA,NA,46.5,10.7,1102,60,NA,NA,NA,NA,NA,NA,86,86
10003011700,"Census Tract 117, New Castle County, Delaware",0,12,0,12,0,12,31,40,0,12,0,12,0,12,0,12,0,12,0,12,0,12,31,40,0,12,0,12,0,12,0,12,0,12,0,12,0,12,0,12,0,12,0,12,0,12,0,12,1229,1094,850,89,NA,NA,28,2.3,2102,1652,NA,NA,NA,NA,NA,NA,31,31
10003012300,"Census Tract 123, New Castle County, Delaware",10,16,26,31,24,30,186,91,0,12,0,12,0,12,46,60,0,12,0,12,0,12,63,44,0,12,26,31,24,30,66,73,10,16,0,12,0,12,11,19,0,12,0,12,0,12,0,12,976,67,NA,NA,852,18,42.9,24.4,1031,115,NA,NA,NA,NA,NA,NA,246,246
10003014808,"Census Tract 148.08, New Castle County, Delaware",117,60,0,17,116,113,156,96,0,17,0,17,0,17,27,43,0,17,0,17,0,17,10,17,0,17,0,17,64,99,119,85,70,60,0,17,52,60,0,17,47,48,0,17,0,17,0,17,1282,83,NA,NA,1084,101,30.4,8.1,1265,92,1564,544,NA,NA,NA,NA,389,389
10003013610,"Census Tract 136.10, New Castle County, Delaware",0,17,0,17,77,57,137,101,0,17,0,17,0,17,0,17,0,17,0,17,0,17,91,94,0,17,0,17,35,35,46,36,0,17,0,17,42,52,0,17,0,17,0,17,0,17,0,17,1310,45,NA,NA,1170,57,27.4,16.9,1352,35,NA,NA,NA,NA,NA,NA,214,214
10003013700,"Census Tract 137, New Castle County, Delaware",22,22,59,48,64,50,168,83,0,12,0,12,0,12,49,41,0,12,0,12,0,12,94,64,7,12,22,24,64,50,25,37,0,12,37,45,0,12,0,12,0,12,0,12,0,12,0,12,1023,76,NA,NA,917,44,26.2,3.8,1124,32,1438,464,1609,463,NA,NA,313,298
10003014904,"Census Tract 149.04, New Castle County, Delaware",0,12,87,102,51,53,390,155,0,12,0,12,0,12,71,70,0,12,0,12,0,12,47,43,0,12,0,12,43,50,219,124,0,12,87,102,8,14,53,81,0,12,0,12,0,12,0,12,1378,92,NA,NA,1211,109,38.5,14.7,1435,108,1621,712,NA,NA,NA,NA,528,528
10003016200,"Census Tract 162, New Castle County, Delaware",79,66,28,24,45,49,96,68,0,12,0,12,0,12,0,12,0,12,0,12,0,12,30,38,0,12,20,21,0,12,66,61,13,23,8,13,45,49,0,12,66,63,0,12,0,12,0,12,1377,66,NA,NA,1178,231,22.6,7.9,1382,38,1741,49,NA,NA,NA,NA,248,248
10003016301,"Census Tract 163.01, New Castle County, Delaware",57,71,93,66,32,49,110,73,0,17,0,17,0,17,9,14,14,22,0,17,0,17,51,54,0,17,0,17,32,49,11,18,0,17,52,65,0,17,39,46,43,66,41,65,0,17,0,17,1452,60,NA,NA,1230,177,24.8,5.5,1436,55,1833,488,NA,NA,NA,NA,292,292
10003016601,"Census Tract 166.01, New Castle County, Delaware",114,112,21,34,21,34,180,116,0,19,0,19,0,19,0,19,0,19,0,19,0,19,38,46,16,25,0,19,21,34,123,102,98,115,0,19,0,19,0,19,0,19,21,34,0,19,19,31,1362,103,NA,NA,NA,NA,24,4.5,1287,149,1515,209,NA,NA,NA,NA,336,336
10003016602,"Census Tract 166.02, New Castle County, Delaware",0,19,16,26,58,85,0,19,0,19,0,19,0,19,0,19,0,19,0,19,0,19,0,19,0,19,0,19,0,19,0,19,0,19,0,19,0,19,0,19,0,19,16,26,58,85,0,19,1665,150,NA,NA,NA,NA,24.7,32.6,NA,NA,1658,573,NA,NA,NA,NA,74,74
10003016901,"Census Tract 169.01, New Castle County, Delaware",0,12,0,12,0,12,11,13,0,12,0,12,0,12,0,12,0,12,0,12,0,12,11,13,0,12,0,12,0,12,0,12,0,12,0,12,0,12,0,12,0,12,0,12,0,12,0,12,1442,549,NA,NA,NA,NA,26.8,11.1,NA,NA,NA,NA,1977,324,NA,NA,11,11
10003000602,"Census Tract 6.02, New Castle County, Delaware",100,72,18,30,21,38,284,121,27,31,18,30,0,12,97,65,29,46,0,12,0,12,102,75,44,53,0,12,21,38,85,66,0,12,0,12,0,12,0,12,0,12,0,12,0,12,0,12,853,111,294,270,809,219,33.3,11.6,903,127,986,230,NA,NA,NA,NA,423,423
10003002800,"Census Tract 28, New Castle County, Delaware",9,14,41,39,52,45,188,79,0,12,0,12,0,12,133,63,0,12,0,12,13,21,24,33,0,12,26,31,39,41,31,42,0,12,0,12,0,12,0,12,9,14,15,23,0,12,0,12,989,57,957,89,962,91,28,5.4,1058,123,1104,750,NA,NA,NA,NA,290,290
10003002900,"Census Tract 29, New Castle County, Delaware",140,77,73,58,83,66,240,98,25,30,0,12,0,12,127,82,92,61,10,15,47,55,86,54,23,37,63,55,36,43,27,36,0,12,0,12,0,12,0,12,0,12,0,12,0,12,0,12,468,106,356,126,289,100,31,3.5,617,329,1194,716,1276,199,NA,NA,536,536
10003001902,"Census Tract 19.02, New Castle County, Delaware",27,25,18,15,36,36,178,70,4,7,0,12,0,12,112,64,0,12,11,10,0,12,28,32,0,12,0,12,0,12,27,23,23,24,0,12,21,26,5,7,0,12,7,11,15,23,6,8,1128,185,NA,NA,1612,231,29.9,6.8,1065,168,839,479,NA,NA,NA,NA,259,259
10003003002,"Census Tract 30.02, New Castle County, Delaware",14,20,34,30,39,39,154,63,0,12,0,12,25,31,65,41,0,12,8,13,9,14,77,56,14,20,17,22,5,7,7,12,0,12,9,13,0,12,5,10,0,12,0,12,0,12,0,12,754,168,NA,NA,532,216,39.6,11.1,814,459,838,140,385,114,NA,NA,241,241
10003010104,"Census Tract 101.04, New Castle County, Delaware",139,81,63,66,95,81,265,115,0,12,0,12,0,12,0,12,0,12,0,12,0,12,242,108,99,76,63,66,95,81,23,25,40,35,0,12,0,12,0,12,0,12,0,12,0,12,0,12,972,33,NA,NA,911,59,30.6,8.1,969,33,1195,118,2059,1020,NA,NA,562,562
10003010502,"Census Tract 105.02, New Castle County, Delaware",51,54,36,33,88,89,226,104,0,17,0,17,0,17,50,49,0,17,0,17,0,17,122,104,34,48,36,33,51,64,54,66,17,26,0,17,37,55,0,17,0,17,0,17,0,17,0,17,1120,72,NA,NA,1096,75,27.1,5.2,1044,167,1042,675,NA,NA,NA,NA,401,401
10003010702,"Census Tract 107.02, New Castle County, Delaware",41,46,20,31,261,169,367,219,0,17,0,17,0,17,35,44,0,17,0,17,0,17,66,67,21,34,0,17,230,164,266,201,0,17,20,31,31,37,0,17,20,31,0,17,0,17,0,17,1106,98,NA,NA,957,49,43,8.9,1159,45,1264,383,NA,NA,NA,NA,689,689
10003013505,"Census Tract 135.05, New Castle County, Delaware",0,12,0,12,0,12,37,64,0,12,0,12,0,12,0,12,0,12,0,12,0,12,0,12,0,12,0,12,0,12,37,64,0,12,0,12,0,12,0,12,0,12,0,12,0,12,0,12,1946,1033,NA,NA,NA,NA,17,24.8,NA,NA,1783,274,NA,NA,NA,NA,37,37
10003013506,"Census Tract 135.06, New Castle County, Delaware",0,12,0,12,0,12,22,31,0,12,0,12,0,12,0,12,0,12,0,12,0,12,22,31,0,12,0,12,0,12,0,12,0,12,0,12,0,12,0,12,0,12,0,12,0,12,0,12,1750,758,NA,NA,NA,NA,51,NA,NA,NA,NA,NA,NA,NA,NA,NA,22,22
10003013614,"Census Tract 136.14, New Castle County, Delaware",47,48,48,51,65,66,127,75,0,12,0,12,0,12,17,21,0,12,0,12,0,12,62,59,0,12,29,46,57,64,48,49,10,16,19,22,8,14,0,12,37,45,0,12,0,12,0,12,1183,99,NA,NA,991,102,30.3,8.8,1281,90,1298,508,NA,NA,NA,NA,287,287
10003013615,"Census Tract 136.15, New Castle County, Delaware",47,47,8,14,26,32,82,57,0,12,0,12,0,12,27,33,0,12,0,12,0,12,8,12,0,12,8,14,8,13,47,46,8,13,0,12,0,12,0,12,39,45,0,12,18,28,0,12,1307,319,NA,NA,869,332,34.3,13.4,851,369,1360,225,NA,NA,NA,NA,163,163
10003014706,"Census Tract 147.06, New Castle County, Delaware",106,68,18,22,0,12,93,69,0,12,0,12,0,12,10,17,0,12,8,16,0,12,61,63,7,10,0,12,0,12,22,34,74,62,10,16,0,12,0,12,25,34,0,12,0,12,0,12,1012,101,NA,NA,865,29,29,3.9,963,114,1148,90,NA,NA,NA,NA,217,217
10003014807,"Census Tract 148.07, New Castle County, Delaware",38,37,15,24,24,30,29,35,0,17,0,17,0,17,19,31,0,17,0,17,0,17,0,17,0,17,0,17,0,17,0,17,14,22,15,24,24,30,10,18,24,29,0,17,0,17,0,17,1292,93,NA,NA,896,308,22.1,1.6,1311,71,1483,268,NA,NA,NA,NA,106,106
10003015400,"Census Tract 154, New Castle County, Delaware",22,34,0,12,28,35,57,49,0,12,0,12,0,12,0,12,0,12,0,12,0,12,57,49,0,12,0,12,28,35,0,12,22,34,0,12,0,12,0,12,0,12,0,12,0,12,0,12,1020,313,NA,NA,NA,NA,29.5,12.7,880,293,1108,357,NA,NA,NA,NA,107,107
10003000200,"Census Tract 2, New Castle County, Delaware",29,54,152,135,46,56,253,150,0,17,0,17,0,17,96,83,0,17,0,17,0,17,38,62,0,17,39,61,46,56,119,120,29,54,113,134,0,17,0,17,0,17,0,17,0,17,0,17,1157,158,NA,NA,904,99,37.8,7.1,1167,84,1693,141,NA,NA,NA,NA,480,480
10003000900,"Census Tract 9, New Castle County, Delaware",40,32,33,30,54,43,268,78,0,12,0,12,0,12,61,32,15,24,0,12,0,12,168,69,12,13,33,30,42,37,39,34,13,19,0,12,12,19,0,12,0,12,0,12,0,12,0,12,912,55,NA,NA,613,136,50,11.7,895,58,971,101,909,372,NA,NA,395,395
10003010101,"Census Tract 101.01, New Castle County, Delaware",150,85,113,71,97,74,188,83,70,71,0,12,7,11,67,59,0,12,9,14,8,12,13,21,29,38,56,49,49,46,108,60,32,40,48,60,33,43,0,12,19,24,0,12,0,12,0,12,1112,46,NA,NA,999,108,27.7,1.9,1200,57,1009,686,NA,NA,NA,NA,548,548
10003011205,"Census Tract 112.05, New Castle County, Delaware",0,12,0,12,0,12,20,24,0,12,0,12,0,12,4,6,0,12,0,12,0,12,16,24,0,12,0,12,0,12,0,12,0,12,0,12,0,12,0,12,0,12,0,12,0,12,0,12,2125,449,NA,NA,NA,NA,51,NA,NA,NA,NA,NA,NA,NA,NA,NA,20,20
10003013501,"Census Tract 135.01, New Castle County, Delaware",16,25,11,18,68,64,91,67,0,17,0,17,0,17,15,25,0,17,0,17,0,17,15,25,0,17,0,17,0,17,10,17,0,17,0,17,0,17,0,17,0,17,11,18,0,17,36,56,2398,1201,NA,NA,2426,1578,42.4,12.9,NA,NA,NA,NA,NA,NA,NA,NA,186,87
10003014300,"Census Tract 143, New Castle County, Delaware",60,64,16,25,0,17,78,58,0,17,0,17,0,17,9,13,0,17,0,17,0,17,12,19,0,17,0,17,0,17,46,52,45,61,0,17,0,17,11,17,0,17,16,25,0,17,0,17,1348,307,NA,NA,2038,1864,24.8,5.9,1238,164,1713,164,2186,129,NA,NA,154,139
10003013901,"Census Tract 139.01, New Castle County, Delaware",59,46,22,24,8,12,18,21,0,12,0,12,0,12,8,13,0,12,0,12,0,12,0,12,11,17,8,13,8,12,10,17,24,24,14,20,0,12,0,12,24,38,0,12,0,12,0,12,1096,45,NA,NA,983,86,19.5,12.5,1112,22,NA,NA,NA,NA,NA,NA,107,107
10003002400,"Census Tract 24, New Castle County, Delaware",67,57,16,28,122,113,347,158,0,12,0,12,0,12,98,101,0,12,0,12,0,12,104,81,41,47,16,28,122,113,70,65,12,20,0,12,0,12,75,91,14,24,0,12,0,12,0,12,1044,116,NA,NA,834,50,33.8,14.8,962,117,1377,208,NA,NA,NA,NA,552,552
10003015200,"Census Tract 152, New Castle County, Delaware",68,55,75,60,0,17,126,68,0,17,0,17,0,17,43,48,0,17,0,17,0,17,57,52,0,17,24,36,0,17,0,17,68,55,51,46,0,17,26,40,0,17,0,17,0,17,0,17,1110,75,889,410,NA,NA,31.3,5,1045,78,1449,133,NA,NA,NA,NA,269,269
10003001500,"Census Tract 15, New Castle County, Delaware",15,18,5,8,32,27,224,90,0,12,0,12,0,12,87,64,0,12,0,12,0,12,87,56,9,14,5,8,25,23,42,48,6,11,0,12,0,12,8,13,0,12,0,12,7,12,0,12,1063,75,979,356,900,288,26.8,9.2,1082,67,1113,29,NA,NA,NA,NA,276,276
10003011203,"Census Tract 112.03, New Castle County, Delaware",111,98,37,39,26,32,180,108,0,12,0,12,0,12,65,64,0,12,0,12,0,12,72,88,40,69,16,26,26,32,18,28,47,56,21,31,0,12,25,39,24,36,0,12,0,12,0,12,1111,45,1025,151,1042,89,30.1,6.9,1130,43,1373,112,NA,NA,NA,NA,354,354
10003001400,"Census Tract 14, New Castle County, Delaware",50,43,22,23,18,29,122,60,0,12,0,12,0,12,52,38,14,12,0,12,18,29,28,23,5,8,5,8,0,12,42,42,26,41,17,22,0,12,0,12,5,7,0,12,0,12,0,12,1144,88,NA,NA,684,292,27.9,3.2,1148,111,1476,223,NA,NA,NA,NA,212,212
10003012100,"Census Tract 121, New Castle County, Delaware",10,15,16,25,13,17,99,60,0,12,0,12,0,12,25,31,0,12,0,12,0,12,0,12,10,15,0,12,13,17,74,57,0,12,16,25,0,12,0,12,0,12,0,12,0,12,0,12,1041,154,NA,NA,947,26,27.1,6,1232,145,1577,298,NA,NA,NA,NA,138,138
10003013607,"Census Tract 136.07, New Castle County, Delaware",184,112,145,107,54,59,17,29,0,17,0,17,0,17,0,17,18,29,49,76,0,17,17,29,0,17,0,17,17,28,0,17,68,67,36,43,37,43,0,17,64,67,60,63,0,17,0,17,1348,219,NA,NA,1060,251,25.4,4.8,1280,165,1863,165,NA,NA,NA,NA,400,366
10003015600,"Census Tract 156, New Castle County, Delaware",5,10,0,12,43,36,20,17,0,12,0,12,0,12,8,14,0,12,0,12,0,12,0,12,5,10,0,12,31,31,9,13,0,12,0,12,12,19,3,6,0,12,0,12,0,12,0,12,1215,119,NA,NA,NA,NA,28.4,18.1,NA,NA,1243,158,NA,NA,NA,NA,68,68
10003011206,"Census Tract 112.06, New Castle County, Delaware",0,12,27,24,9,13,14,17,0,12,0,12,0,12,0,12,0,12,8,13,0,12,8,14,0,12,9,14,9,13,0,12,0,12,0,12,0,12,6,10,0,12,10,16,0,12,0,12,1149,299,NA,NA,778,258,28,7.2,NA,NA,1500,511,NA,NA,NA,NA,50,50
10003000500,"Census Tract 5, New Castle County, Delaware",22,32,20,33,61,48,136,74,0,12,0,12,0,12,50,46,0,12,0,12,0,12,68,52,0,12,0,12,44,43,18,28,22,32,20,33,9,15,0,12,0,12,0,12,8,14,0,12,1253,135,NA,NA,712,135,24.8,15.2,1179,227,1344,131,1411,125,NA,NA,239,239
10003013503,"Census Tract 135.03, New Castle County, Delaware",0,17,14,22,50,77,120,83,0,17,0,17,0,17,16,26,0,17,0,17,0,17,26,33,0,17,14,22,0,17,63,77,0,17,0,17,50,77,15,24,0,17,0,17,0,17,0,17,1597,555,NA,NA,NA,NA,45.4,20.5,NA,NA,1685,192,NA,NA,NA,NA,184,184
10005050101,"Census Tract 501.01, Sussex County, Delaware",0,12,0,12,13,19,71,52,0,12,0,12,0,12,0,12,0,12,0,12,0,12,18,20,0,12,0,12,0,12,9,14,0,12,0,12,13,19,44,46,0,12,0,12,0,12,0,12,1237,201,NA,NA,NA,NA,26.1,14,792,609,1226,370,NA,NA,NA,NA,84,84
10005050401,"Census Tract 504.01, Sussex County, Delaware",21,23,11,17,0,12,51,56,0,12,0,12,0,12,41,54,0,12,0,12,0,12,0,12,13,18,0,12,0,12,10,15,8,14,11,17,0,12,0,12,0,12,0,12,0,12,0,12,NA,NA,NA,NA,NA,NA,25.7,13,355,333,966,116,NA,NA,NA,NA,83,83
10005050601,"Census Tract 506.01, Sussex County, Delaware",0,17,15,24,0,17,13,19,0,17,0,17,0,17,0,17,0,17,0,17,0,17,13,19,0,17,15,24,0,17,0,17,0,17,0,17,0,17,0,17,0,17,0,17,0,17,0,17,743,343,NA,NA,NA,NA,19.4,6.5,NA,NA,725,269,NA,NA,NA,NA,28,28
10005050301,"Census Tract 503.01, Sussex County, Delaware",21,19,92,52,34,31,144,70,3,5,16,26,0,17,51,52,0,17,59,40,21,30,63,48,0,17,16,25,10,16,18,15,12,14,1,5,3,6,12,19,6,11,0,17,0,17,0,17,710,122,881,299,375,212,25.9,6.1,714,91,819,237,NA,NA,NA,NA,291,291
10005050501,"Census Tract 505.01, Sussex County, Delaware",0,12,0,12,80,67,122,79,0,12,0,12,0,12,39,50,0,12,0,12,0,12,0,12,0,12,0,12,80,67,68,64,0,12,0,12,0,12,15,21,0,12,0,12,0,12,0,12,973,69,NA,NA,856,14,27.8,12.3,1019,91,NA,NA,1108,714,NA,NA,202,202
10005051303,"Census Tract 513.03, Sussex County, Delaware",31,28,19,23,34,29,56,45,0,17,0,17,0,17,12,20,0,17,0,17,0,17,30,33,4,8,0,17,4,8,12,20,14,25,0,17,22,25,2,4,5,9,19,23,8,11,0,17,1428,133,NA,NA,NA,NA,30.2,11.5,1318,243,1434,190,1630,685,NA,NA,140,132
10005050403,"Census Tract 504.03, Sussex County, Delaware",39,42,28,29,16,19,29,28,0,12,0,12,0,12,4,6,0,12,0,12,3,5,11,18,25,39,15,19,10,17,14,22,14,19,13,21,3,5,0,12,0,12,0,12,0,12,0,12,968,154,NA,NA,767,300,30.5,4.8,781,524,1102,74,NA,NA,NA,NA,112,112
10005050803,"Census Tract 508.03, Sussex County, Delaware",0,17,16,26,0,17,152,174,0,17,0,17,0,17,0,17,0,17,0,17,0,17,0,17,0,17,0,17,0,17,152,174,0,17,0,17,0,17,0,17,0,17,16,26,0,17,0,17,1390,39,NA,NA,NA,NA,25.6,29.9,1426,270,NA,NA,NA,NA,NA,NA,168,168
10005051500,"Census Tract 515, Sussex County, Delaware",34,28,15,15,20,19,106,57,0,17,0,17,0,17,2,4,0,17,0,17,2,3,51,57,8,12,6,7,10,14,53,27,3,4,9,14,8,14,0,17,19,23,0,17,0,17,0,17,1114,74,NA,NA,918,76,24.8,16.4,1009,139,1147,84,1569,256,NA,NA,175,171
10003016401,"Census Tract 164.01, New Castle County, Delaware",0,17,0,17,0,17,0,17,0,17,0,17,0,17,0,17,0,17,0,17,0,17,0,17,0,17,0,17,0,17,0,17,0,17,0,17,0,17,0,17,0,17,0,17,0,17,0,17,NA,NA,NA,NA,NA,NA,NA,NA,NA,NA,NA,NA,NA,NA,NA,NA,0,0
10003013612,"Census Tract 136.12, New Castle County, Delaware",0,17,0,17,49,59,51,63,0,17,0,17,0,17,0,17,0,17,0,17,0,17,0,17,0,17,0,17,0,17,51,63,0,17,0,17,10,18,0,17,0,17,0,17,39,57,0,17,1779,116,NA,NA,NA,NA,24.5,22.9,1691,170,1867,281,NA,NA,NA,NA,100,100
10003014502,"Census Tract 145.02, New Castle County, Delaware",39,39,14,17,10,15,454,105,0,17,0,17,0,17,182,77,23,35,0,17,0,17,197,78,9,14,0,17,10,15,48,34,0,17,14,17,0,17,27,21,7,11,0,17,0,17,0,17,1437,137,NA,NA,917,139,51,NA,1403,92,1966,718,2457,1050,NA,NA,517,517
10003014703,"Census Tract 147.03, New Castle County, Delaware",83,62,48,64,18,20,211,109,0,12,0,12,0,12,36,56,0,12,0,12,10,16,11,17,0,12,42,63,0,12,164,83,45,36,6,10,8,13,0,12,38,43,0,12,0,12,0,12,1223,104,1289,212,997,106,28.1,7.3,1213,104,1415,156,1664,202,NA,NA,360,360
10003015100,"Census Tract 151, New Castle County, Delaware",39,47,13,20,0,12,8,14,0,12,0,12,0,12,8,14,0,12,0,12,0,12,0,12,0,12,13,20,0,12,0,12,39,47,0,12,0,12,0,12,0,12,0,12,0,12,0,12,1024,106,NA,NA,860,29,23.7,3,1065,99,1047,153,NA,NA,NA,NA,60,60
10003016000,"Census Tract 160, New Castle County, Delaware",93,68,23,36,34,30,29,36,0,12,0,12,0,12,6,13,0,12,0,12,0,12,0,12,61,54,0,12,34,30,23,35,32,42,23,36,0,12,0,12,0,12,0,12,0,12,0,12,910,112,NA,NA,770,17,31.9,3.2,918,96,950,17,NA,NA,NA,NA,179,179
10003000400,"Census Tract 4, New Castle County, Delaware",101,80,49,44,133,79,203,111,44,51,0,12,18,21,92,80,10,17,20,28,34,51,70,58,38,48,10,15,76,58,41,50,0,12,0,12,0,12,0,12,0,12,19,30,5,9,0,12,746,126,NA,NA,652,398,31,5.4,919,117,1403,194,NA,NA,NA,NA,486,477
10003001300,"Census Tract 13, New Castle County, Delaware",11,13,18,19,0,12,33,43,0,12,0,12,0,12,33,43,0,12,0,12,0,12,0,12,4,8,18,19,0,12,0,12,0,12,0,12,0,12,0,12,0,12,0,12,0,12,0,12,1293,269,935,65,928,172,18.9,2.2,1329,239,1936,206,NA,NA,NA,NA,62,55
10003002600,"Census Tract 26, New Castle County, Delaware",72,64,52,50,74,60,298,107,0,12,0,12,0,12,46,43,26,41,0,12,0,12,100,67,0,12,42,48,66,58,126,70,25,40,10,17,8,13,26,44,21,33,0,12,0,12,0,12,1110,47,NA,NA,938,386,36.7,10.1,934,202,1155,43,1452,220,1391,1122,496,496
10003010200,"Census Tract 102, New Castle County, Delaware",0,12,9,12,0,12,13,15,0,12,0,12,0,12,0,12,0,12,0,12,0,12,0,12,0,12,0,12,0,12,7,11,0,12,0,12,0,12,6,10,0,12,9,12,0,12,0,12,1578,579,NA,NA,NA,NA,19,39.8,NA,NA,NA,NA,1638,393,NA,NA,22,22
10003010300,"Census Tract 103, New Castle County, Delaware",36,33,0,12,9,14,36,56,0,12,0,12,0,12,0,12,0,12,0,12,0,12,36,56,0,12,0,12,0,12,0,12,9,15,0,12,9,14,0,12,27,28,0,12,0,12,0,12,1510,421,NA,NA,NA,NA,23.1,2,1726,43,1125,390,NA,NA,NA,NA,81,81
10005050504,"Census Tract 505.04, Sussex County, Delaware",86,70,34,38,43,39,55,44,0,17,12,21,0,17,0,17,0,17,15,23,0,17,13,22,24,34,0,17,43,39,26,40,46,56,7,21,0,17,16,24,16,23,0,17,0,17,0,17,868,148,NA,NA,836,164,26.4,9.2,617,232,1036,529,NA,NA,NA,NA,218,218
10005050703,"Census Tract 507.03, Sussex County, Delaware",8,6,19,20,14,12,65,41,0,12,0,12,7,9,19,29,0,12,3,4,0,12,19,21,6,6,11,19,7,7,14,12,2,3,2,3,0,12,13,17,0,12,3,4,0,12,0,12,1082,215,NA,NA,720,203,49.6,17.6,925,472,1344,200,NA,NA,NA,NA,106,106
10005050705,"Census Tract 507.05, Sussex County, Delaware",23,24,32,39,18,28,176,157,0,12,0,12,0,12,0,12,0,12,0,12,0,12,117,128,0,12,0,12,18,28,59,85,23,24,32,39,0,12,0,12,0,12,0,12,0,12,0,12,1005,123,NA,NA,NA,NA,51,NA,NA,NA,969,119,NA,NA,NA,NA,249,249
10005050704,"Census Tract 507.04, Sussex County, Delaware",73,85,0,17,16,25,16,27,48,75,0,17,0,17,0,17,0,17,0,17,16,25,0,17,0,17,0,17,0,17,16,27,0,17,0,17,0,17,0,17,25,37,0,17,0,17,0,17,NA,NA,NA,NA,NA,NA,24.7,4.5,717,18,1404,138,NA,NA,NA,NA,105,105
10005050706,"Census Tract 507.06, Sussex County, Delaware",9,11,0,12,10,14,0,12,0,12,0,12,0,12,0,12,0,12,0,12,0,12,0,12,5,8,0,12,0,12,0,12,0,12,0,12,10,14,0,12,4,8,0,12,0,12,0,12,1357,109,NA,NA,NA,NA,28.8,9.4,NA,NA,1229,318,NA,NA,NA,NA,19,19
10005050901,"Census Tract 509.01, Sussex County, Delaware",31,25,9,14,0,12,48,49,0,12,0,12,0,12,0,12,0,12,0,12,0,12,0,12,0,12,0,12,0,12,41,47,17,19,0,12,0,12,7,12,14,22,0,12,0,12,0,12,1485,308,NA,NA,NA,NA,23.7,7.5,1515,370,1533,351,NA,NA,NA,NA,88,79
10005050902,"Census Tract 509.02, Sussex County, Delaware",51,39,45,43,29,33,145,110,0,17,0,17,0,17,32,36,17,27,0,17,0,17,0,17,0,17,29,34,29,33,96,102,17,25,0,17,0,17,0,17,0,17,16,25,0,17,17,28,1060,324,NA,NA,NA,NA,25.1,7.8,1025,356,888,834,NA,NA,NA,NA,270,253
10005051004,"Census Tract 510.04, Sussex County, Delaware",21,24,21,23,25,25,52,77,0,17,0,17,0,17,52,77,0,17,0,17,0,17,0,17,16,23,0,17,10,18,0,17,3,5,18,22,13,16,0,17,2,3,0,17,2,4,0,17,1193,588,NA,NA,NA,NA,26.8,9.4,832,405,1595,319,2250,654,NA,NA,119,116
10005051005,"Census Tract 510.05, Sussex County, Delaware",0,17,6,6,12,13,43,43,0,17,0,17,0,17,0,17,0,17,0,17,0,17,6,11,0,17,0,17,0,17,37,41,0,17,0,17,0,17,0,17,0,17,6,6,12,13,0,17,1507,277,NA,NA,NA,NA,27.1,24.9,1156,184,1412,82,NA,NA,NA,NA,61,61
10005051006,"Census Tract 510.06, Sussex County, Delaware",0,12,9,14,0,12,57,49,0,12,0,12,0,12,0,12,0,12,0,12,0,12,47,46,0,12,0,12,0,12,10,16,0,12,0,12,0,12,0,12,0,12,9,14,0,12,0,12,1135,277,NA,NA,NA,NA,51,NA,1122,76,1724,700,NA,NA,NA,NA,66,66
10005051007,"Census Tract 510.07, Sussex County, Delaware",15,24,0,12,20,33,104,104,0,12,0,12,0,12,58,90,0,12,0,12,0,12,17,27,15,24,0,12,0,12,15,24,0,12,0,12,20,33,0,12,0,12,0,12,0,12,14,21,1459,221,NA,NA,NA,NA,51,NA,1573,290,1414,743,NA,NA,NA,NA,139,139
10005051101,"Census Tract 511.01, Sussex County, Delaware",7,8,0,12,18,17,25,21,0,12,0,12,0,12,2,3,0,12,0,12,0,12,16,19,4,5,0,12,15,17,7,7,0,12,0,12,3,5,0,12,3,6,0,12,0,12,0,12,1182,142,NA,NA,NA,NA,40.8,18.8,1284,144,958,220,NA,NA,NA,NA,50,50
10005051102,"Census Tract 511.02, Sussex County, Delaware",3,4,4,6,0,12,13,14,0,12,0,12,0,12,0,12,0,12,0,12,0,12,3,4,0,12,2,4,0,12,10,14,3,4,0,12,0,12,0,12,0,12,2,4,0,12,0,12,1210,118,NA,NA,1208,212,26.3,6.5,1150,51,1650,262,1550,730,NA,NA,20,20
10005051103,"Census Tract 511.03, Sussex County, Delaware",0,12,0,12,5,7,20,16,0,12,0,12,0,12,0,12,0,12,0,12,0,12,14,13,0,12,0,12,0,12,6,8,0,12,0,12,5,7,0,12,0,12,0,12,0,12,0,12,1630,761,NA,NA,783,238,23.7,7.6,1531,735,1717,68,NA,NA,NA,NA,25,25
10005051201,"Census Tract 512.01, Sussex County, Delaware",5,8,25,26,16,13,20,17,0,12,0,12,0,12,5,8,0,12,0,12,0,12,5,8,5,8,15,24,5,7,10,12,0,12,5,7,5,8,0,12,0,12,5,7,6,8,0,12,1338,407,NA,NA,NA,NA,35.4,9.9,950,19,1380,113,NA,NA,NA,NA,66,66
10005051202,"Census Tract 512.02, Sussex County, Delaware",0,12,0,12,0,12,0,12,0,12,0,12,0,12,0,12,0,12,0,12,0,12,0,12,0,12,0,12,0,12,0,12,0,12,0,12,0,12,0,12,0,12,0,12,0,12,0,12,NA,NA,NA,NA,NA,NA,NA,NA,NA,NA,NA,NA,NA,NA,NA,NA,0,0
10005051702,"Census Tract 517.02, Sussex County, Delaware",92,122,0,17,36,55,11,19,0,17,0,17,0,17,0,17,0,17,0,17,0,17,0,17,77,121,0,17,36,55,11,19,15,23,0,17,0,17,0,17,0,17,0,17,0,17,0,17,967,69,NA,NA,NA,NA,31.1,4.1,969,92,793,312,NA,NA,NA,NA,139,139
10005051900,"Census Tract 519, Sussex County, Delaware",88,47,23,16,75,48,78,32,4,6,0,12,0,12,29,21,13,15,0,12,14,18,35,26,24,18,16,15,59,46,14,15,47,41,7,8,2,5,0,12,0,12,0,12,0,12,0,12,852,36,NA,NA,637,101,31.4,3.3,895,177,895,89,1259,183,NA,NA,264,264
10005050602,"Census Tract 506.02, Sussex County, Delaware",48,58,12,20,89,66,294,146,0,17,0,17,0,17,73,77,0,17,0,17,0,17,104,97,34,52,0,17,89,66,117,102,14,23,12,20,0,17,0,17,0,17,0,17,0,17,0,17,1105,111,NA,NA,NA,NA,46.5,13.9,1093,32,1293,136,863,748,NA,NA,443,443
10005051801,"Census Tract 518.01, Sussex County, Delaware",18,29,0,12,97,94,149,119,0,12,0,12,0,12,12,24,16,29,0,12,54,74,103,104,0,12,0,12,41,58,34,54,0,12,0,12,2,4,0,12,0,12,0,12,0,12,0,12,599,498,NA,NA,294,158,33.5,19.1,879,211,NA,NA,NA,NA,NA,NA,264,262
10005050302,"Census Tract 503.02, Sussex County, Delaware",14,23,10,18,22,28,38,37,0,17,0,17,0,17,0,17,0,17,0,17,0,17,38,37,14,23,10,18,22,28,0,17,0,17,0,17,0,17,0,17,0,17,0,17,0,17,0,17,836,162,NA,NA,NA,NA,23.8,4.2,718,104,1056,354,NA,NA,NA,NA,84,84
10005050701,"Census Tract 507.01, Sussex County, Delaware",27,30,15,14,37,36,103,54,0,12,0,12,0,12,33,36,0,12,0,12,18,28,30,20,24,30,10,12,0,12,37,32,0,12,5,9,19,20,3,4,3,5,0,12,0,12,0,12,972,110,NA,NA,553,356,35.3,12,926,117,1072,180,NA,NA,NA,NA,182,182
10005051301,"Census Tract 513.01, Sussex County, Delaware",37,60,0,17,0,17,28,30,0,17,0,17,0,17,13,21,0,17,0,17,0,17,0,17,0,17,0,17,0,17,15,21,0,17,0,17,0,17,0,17,37,60,0,17,0,17,0,17,1130,297,NA,NA,NA,NA,19.8,5.4,1268,157,949,290,NA,NA,NA,NA,65,65
10005051302,"Census Tract 513.02, Sussex County, Delaware",13,21,5,8,3,5,8,11,0,12,0,12,0,12,0,12,0,12,0,12,0,12,0,12,0,12,0,12,0,12,8,11,13,21,0,12,3,5,0,12,0,12,5,8,0,12,0,12,1225,301,NA,NA,NA,NA,24.7,8.5,NA,NA,1267,512,NA,NA,NA,NA,29,29
10005051701,"Census Tract 517.01, Sussex County, Delaware",0,12,19,21,0,12,31,36,0,12,0,12,0,12,21,32,0,12,8,12,0,12,10,15,0,12,0,12,0,12,0,12,0,12,11,17,0,12,0,12,0,12,0,12,0,12,0,12,748,187,NA,NA,NA,NA,19.9,7.4,871,478,708,158,NA,NA,NA,NA,50,50
10005051802,"Census Tract 518.02, Sussex County, Delaware",107,73,80,63,52,48,169,91,0,12,0,12,0,12,109,83,13,19,0,12,8,12,48,40,47,58,38,56,39,45,0,12,47,46,42,37,5,10,12,18,0,12,0,12,0,12,0,12,799,270,NA,NA,671,374,32.8,4.6,793,264,791,357,1257,174,NA,NA,408,408
10005050103,"Census Tract 501.03, Sussex County, Delaware",0,12,14,17,27,40,30,33,0,12,0,12,0,12,0,12,0,12,0,12,2,5,1,3,0,12,0,12,25,40,29,33,0,12,14,17,0,12,0,12,0,12,0,12,0,12,0,12,1229,84,NA,NA,NA,NA,23.1,2.7,1160,51,1304,170,NA,NA,NA,NA,71,71
10003010800,"Census Tract 108, New Castle County, Delaware",23,22,31,26,17,20,108,60,0,12,0,12,0,12,77,57,0,12,0,12,0,12,17,21,0,12,16,19,0,12,14,16,17,20,0,12,8,13,0,12,6,9,15,17,9,14,0,12,1310,138,NA,NA,1206,250,23.2,3.8,1513,165,NA,NA,NA,NA,NA,NA,179,179
10003010900,"Census Tract 109, New Castle County, Delaware",9,13,0,12,8,14,43,49,0,12,0,12,0,12,0,12,0,12,0,12,0,12,11,16,0,12,0,12,8,14,0,12,0,12,0,12,0,12,32,47,0,12,0,12,0,12,0,12,1609,443,NA,NA,NA,NA,51,NA,NA,NA,1602,401,NA,NA,NA,NA,60,51
10003012400,"Census Tract 124, New Castle County, Delaware",34,54,14,19,66,60,58,53,0,12,0,12,0,12,0,12,0,12,0,12,0,12,53,54,0,12,0,12,0,12,5,8,34,54,14,19,66,60,0,12,0,12,0,12,0,12,0,12,1132,149,NA,NA,698,157,30.1,11.2,1060,113,1443,188,NA,NA,NA,NA,172,172
10003011100,"Census Tract 111, New Castle County, Delaware",7,5,7,9,2,3,55,39,0,12,0,12,0,12,1,2,0,12,0,12,1,3,14,13,2,3,0,12,1,2,19,15,2,3,6,8,0,12,21,32,3,3,1,3,0,12,0,12,1435,169,700,243,945,104,23.1,4.9,1328,171,1724,67,2154,154,NA,NA,71,71
10003011202,"Census Tract 112.02, New Castle County, Delaware",0,12,5,9,0,12,14,15,0,12,0,12,0,12,0,12,0,12,0,12,0,12,0,12,0,12,0,12,0,12,8,12,0,12,5,9,0,12,6,9,0,12,0,12,0,12,0,12,1146,51,NA,NA,NA,NA,24.7,45.2,NA,NA,NA,NA,NA,NA,NA,NA,19,19
10003011800,"Census Tract 118, New Castle County, Delaware",76,58,0,12,14,17,154,68,0,12,0,12,0,12,28,25,0,12,0,12,0,12,52,50,0,12,0,12,8,14,43,30,37,30,0,12,6,10,31,38,16,17,0,12,0,12,0,12,1378,90,NA,NA,1249,120,25.5,3.3,1415,130,2139,1046,NA,NA,NA,NA,244,221
10003013400,"Census Tract 134, New Castle County, Delaware",26,34,0,12,0,12,63,49,0,12,0,12,0,12,51,45,0,12,0,12,0,12,12,19,0,12,0,12,0,12,0,12,0,12,0,12,0,12,0,12,26,34,0,12,0,12,0,12,817,136,NA,NA,NA,NA,32.1,34.7,801,151,1669,186,NA,NA,NA,NA,89,89
10003013613,"Census Tract 136.13, New Castle County, Delaware",15,22,0,17,80,69,168,142,0,17,0,17,0,17,0,17,0,17,0,17,20,31,116,128,0,17,0,17,60,61,52,81,15,22,0,17,0,17,0,17,0,17,0,17,0,17,0,17,1396,154,NA,NA,1164,263,27.2,13,1328,119,1698,93,1688,928,NA,NA,263,263
10003014402,"Census Tract 144.02, New Castle County, Delaware",47,48,55,55,19,21,230,103,0,12,0,12,0,12,81,56,0,12,0,12,0,12,10,13,0,12,48,54,9,15,80,57,9,14,7,12,10,15,59,64,9,14,0,12,0,12,0,12,1500,357,NA,NA,1050,114,39.6,19.6,1220,160,1645,270,2513,741,NA,NA,351,322
10003014501,"Census Tract 145.01, New Castle County, Delaware",28,27,24,24,74,47,519,100,14,22,0,12,0,12,201,89,0,12,14,21,22,29,156,63,3,6,10,12,47,36,139,57,11,12,0,12,0,12,11,10,0,12,0,12,0,12,12,19,1152,68,NA,NA,877,526,51,NA,1228,429,2063,392,1625,1249,3250,1495,645,640
10003014805,"Census Tract 148.05, New Castle County, Delaware",0,19,0,19,19,28,18,28,0,19,0,19,0,19,0,19,0,19,0,19,0,19,18,28,0,19,0,19,0,19,0,19,0,19,0,19,19,28,0,19,0,19,0,19,0,19,0,19,1693,96,NA,NA,NA,NA,18.9,6.1,NA,NA,1673,139,NA,NA,NA,NA,37,37
10003016100,"Census Tract 161, New Castle County, Delaware",18,30,16,24,27,20,58,40,0,12,0,12,0,12,0,12,0,12,0,12,0,12,32,28,0,12,16,24,19,17,26,29,18,30,0,12,0,12,0,12,0,12,0,12,8,11,0,12,1142,119,NA,NA,846,560,35.2,12.1,1150,109,1326,184,NA,NA,NA,NA,119,119
10003016302,"Census Tract 163.02, New Castle County, Delaware",0,17,0,17,0,17,51,49,0,17,0,17,0,17,0,17,0,17,0,17,0,17,16,28,0,17,0,17,0,17,21,34,0,17,0,17,0,17,0,17,0,17,0,17,0,17,14,22,1569,237,NA,NA,1833,1394,25.1,14.2,1628,444,NA,NA,NA,NA,NA,NA,51,51
10003016801,"Census Tract 168.01, New Castle County, Delaware",3,6,47,75,0,17,72,82,0,17,0,17,0,17,15,23,0,17,0,17,0,17,0,17,0,17,47,75,0,17,57,79,3,6,0,17,0,17,0,17,0,17,0,17,0,17,0,17,1333,640,NA,NA,NA,NA,37.6,22.7,NA,NA,1452,269,NA,NA,NA,NA,122,122
10003002200,"Census Tract 22, New Castle County, Delaware",8,13,14,23,48,35,154,62,8,13,0,12,0,12,67,41,0,12,0,12,0,12,63,36,0,12,14,23,48,35,13,21,0,12,0,12,0,12,11,16,0,12,0,12,0,12,0,12,1075,132,NA,NA,NA,NA,38.2,16.2,1095,106,998,102,1345,54,1313,819,224,224
10003011000,"Census Tract 110, New Castle County, Delaware",0,12,0,12,0,12,4,7,0,12,0,12,0,12,0,12,0,12,0,12,0,12,0,12,0,12,0,12,0,12,0,12,0,12,0,12,0,12,0,12,0,12,0,12,0,12,4,7,2313,144,NA,NA,NA,NA,25.2,4.1,NA,NA,2396,305,NA,NA,NA,NA,4,4
10003011600,"Census Tract 116, New Castle County, Delaware",0,12,8,13,9,14,9,14,0,12,0,12,0,12,0,12,0,12,0,12,0,12,0,12,0,12,0,12,9,14,9,14,0,12,0,12,0,12,0,12,0,12,8,13,0,12,0,12,1028,591,NA,NA,NA,NA,24.5,6.1,860,23,1694,823,NA,NA,NA,NA,26,26
10003013000,"Census Tract 130, New Castle County, Delaware",15,23,0,12,0,12,8,10,0,12,0,12,0,12,0,12,0,12,0,12,0,12,8,10,0,12,0,12,0,12,0,12,0,12,0,12,0,12,0,12,15,23,0,12,0,12,0,12,1520,291,NA,NA,NA,NA,22,6.4,NA,NA,1679,143,NA,NA,NA,NA,23,23
10003016604,"Census Tract 166.04, New Castle County, Delaware",0,19,2,4,73,57,84,65,0,19,0,19,0,19,64,71,0,19,0,19,2,4,0,19,0,19,2,4,67,58,20,31,0,19,0,19,2,4,0,19,0,19,0,19,2,4,0,19,966,115,NA,NA,NA,NA,24.2,10.7,988,116,789,585,NA,NA,NA,NA,159,159
10003014810,"Census Tract 148.10, New Castle County, Delaware",74,132,43,61,51,77,128,94,0,17,0,17,0,17,0,17,0,17,0,17,0,17,19,42,0,17,0,17,51,77,109,95,74,132,43,61,0,17,0,17,0,17,0,17,0,17,0,17,1373,92,NA,NA,NA,NA,24.5,7.4,1291,94,1821,153,NA,NA,NA,NA,296,296
10003014906,"Census Tract 149.06, New Castle County, Delaware",48,52,91,62,122,83,150,88,0,17,0,17,0,17,0,17,0,17,0,17,0,17,84,72,0,17,14,18,103,82,54,49,0,17,77,59,19,17,12,20,48,52,0,17,0,17,0,17,1298,91,NA,NA,1185,132,30.7,11.7,1239,130,1400,93,NA,NA,NA,NA,411,411
10003014907,"Census Tract 149.07, New Castle County, Delaware",0,12,3,7,47,46,49,50,0,12,0,12,0,12,40,49,0,12,0,12,0,12,9,14,0,12,0,12,29,37,0,12,0,12,3,7,18,27,0,12,0,12,0,12,0,12,0,12,1117,133,NA,NA,337,151,22,4.7,1223,137,1336,209,NA,NA,NA,NA,99,99
10003014908,"Census Tract 149.08, New Castle County, Delaware",63,36,45,40,35,38,72,40,0,12,0,12,0,12,20,20,10,15,0,12,0,12,31,38,21,19,12,24,35,38,21,21,5,16,33,35,0,12,0,12,27,23,0,12,0,12,0,12,1093,82,NA,NA,380,102,28.1,1.6,1195,86,1380,718,NA,NA,NA,NA,215,215
10003014909,"Census Tract 149.09, New Castle County, Delaware",197,133,14,23,92,71,267,140,0,17,0,17,0,17,0,17,0,17,0,17,0,17,40,49,0,17,0,17,61,72,227,137,58,54,14,23,31,33,0,17,139,134,0,17,0,17,0,17,1235,75,NA,NA,970,75,28.6,4.2,1225,76,1466,149,NA,NA,NA,NA,570,570
10003015502,"Census Tract 155.02, New Castle County, Delaware",20,32,26,33,19,29,134,57,0,12,0,12,0,12,23,26,0,12,0,12,0,12,67,42,0,12,20,32,19,29,44,42,0,12,6,8,0,12,0,12,20,32,0,12,0,12,0,12,976,117,NA,NA,NA,NA,30.5,12.8,824,96,1189,225,NA,NA,NA,NA,199,199
10003015802,"Census Tract 158.02, New Castle County, Delaware",11,14,5,7,16,24,74,37,0,12,0,12,0,12,0,12,0,12,0,12,0,12,0,12,0,12,0,12,0,12,64,33,8,13,5,7,16,24,10,15,3,7,0,12,0,12,0,12,1318,65,NA,NA,NA,NA,43.4,22.8,NA,NA,1335,72,NA,NA,NA,NA,106,106
10003016305,"Census Tract 163.05, New Castle County, Delaware",73,74,126,135,140,96,114,83,0,17,0,17,0,17,23,26,0,17,0,17,0,17,56,56,0,17,126,135,95,82,35,57,26,30,0,17,0,17,0,17,47,67,0,17,45,60,0,17,1081,72,NA,NA,953,24,26.8,8.4,1154,52,NA,NA,NA,NA,NA,NA,453,453
10003016404,"Census Tract 164.04, New Castle County, Delaware",37,24,21,17,9,9,36,24,0,12,0,12,0,12,11,12,9,14,5,9,0,12,9,12,12,14,0,12,9,9,16,17,11,10,14,16,0,12,0,12,5,7,2,4,0,12,0,12,1052,132,NA,NA,770,386,31.7,6.3,1120,68,1358,105,NA,NA,NA,NA,103,103
10003016608,"Census Tract 166.08, New Castle County, Delaware",0,17,0,17,0,17,0,17,0,17,0,17,0,17,0,17,0,17,0,17,0,17,0,17,0,17,0,17,0,17,0,17,0,17,0,17,0,17,0,17,0,17,0,17,0,17,0,17,NA,NA,NA,NA,NA,NA,NA,NA,NA,NA,NA,NA,NA,NA,NA,NA,0,0
10003016804,"Census Tract 168.04, New Castle County, Delaware",0,17,0,17,15,27,17,28,0,17,0,17,0,17,0,17,0,17,0,17,0,17,0,17,0,17,0,17,0,17,17,28,0,17,0,17,15,27,0,17,0,17,0,17,0,17,0,17,1758,336,NA,NA,NA,NA,40.3,31.2,NA,NA,NA,NA,NA,NA,NA,NA,32,32
10003016904,"Census Tract 169.04, New Castle County, Delaware",0,12,0,12,0,12,5,8,0,12,0,12,0,12,0,12,0,12,0,12,0,12,0,12,0,12,0,12,0,12,5,8,0,12,0,12,0,12,0,12,0,12,0,12,0,12,0,12,1277,290,NA,NA,NA,NA,10.8,4,NA,NA,NA,NA,NA,NA,NA,NA,5,5
10003980100,"Census Tract 9801, New Castle County, Delaware",0,12,0,12,0,12,0,12,0,12,0,12,0,12,0,12,0,12,0,12,0,12,0,12,0,12,0,12,0,12,0,12,0,12,0,12,0,12,0,12,0,12,0,12,0,12,0,12,NA,NA,NA,NA,NA,NA,NA,NA,NA,NA,NA,NA,NA,NA,NA,NA,0,0
10003990100,"Census Tract 9901, New Castle County, Delaware",0,12,0,12,0,12,0,12,0,12,0,12,0,12,0,12,0,12,0,12,0,12,0,12,0,12,0,12,0,12,0,12,0,12,0,12,0,12,0,12,0,12,0,12,0,12,0,12,NA,NA,NA,NA,NA,NA,NA,NA,NA,NA,NA,NA,NA,NA,NA,NA,0,0
10005050104,"Census Tract 501.04, Sussex County, Delaware",79,63,35,34,31,48,81,45,0,12,0,12,0,12,0,12,0,12,0,12,0,12,41,44,0,12,8,14,31,48,40,34,56,59,27,30,0,12,0,12,23,36,0,12,0,12,0,12,1067,110,NA,NA,709,590,27.7,4.6,1059,153,1178,158,NA,NA,NA,NA,226,226
10005050105,"Census Tract 501.05, Sussex County, Delaware",42,50,0,17,0,17,38,44,0,17,0,17,0,17,20,34,13,22,0,17,0,17,18,28,0,17,0,17,0,17,0,17,29,45,0,17,0,17,0,17,0,17,0,17,0,17,0,17,1005,116,NA,NA,NA,NA,14.9,17.8,NA,NA,1064,127,NA,NA,NA,NA,80,80
10005050200,"Census Tract 502, Sussex County, Delaware",27,33,0,12,84,58,54,46,0,12,0,12,0,12,36,41,0,12,0,12,0,12,4,6,14,24,0,12,70,63,14,23,13,22,0,12,14,22,0,12,0,12,0,12,0,12,0,12,1000,119,NA,NA,NA,NA,25.7,19,870,72,1096,78,956,88,NA,NA,165,165
10005051003,"Census Tract 510.03, Sussex County, Delaware",14,23,33,42,40,45,73,63,0,17,0,17,0,17,23,34,0,17,0,17,0,17,0,17,0,17,13,22,22,35,50,57,0,17,0,17,0,17,0,17,14,23,20,36,18,28,0,17,1355,148,NA,NA,NA,NA,35.1,17.2,1206,138,1614,206,NA,NA,NA,NA,160,160
10005050802,"Census Tract 508.02, Sussex County, Delaware",5,9,0,17,16,27,118,99,0,17,0,17,0,17,55,87,0,17,0,17,0,17,23,27,0,17,0,17,16,27,26,39,5,9,0,17,0,17,14,22,0,17,0,17,0,17,0,17,1275,266,NA,NA,NA,NA,27.8,22.2,1030,291,1612,343,1348,201,NA,NA,139,139
10005051400,"Census Tract 514, Sussex County, Delaware",47,39,0,12,100,64,95,65,0,12,0,12,0,12,5,8,0,12,0,12,22,18,63,55,8,11,0,12,49,51,27,30,39,35,0,12,19,32,0,12,0,12,0,12,0,12,0,12,874,218,NA,NA,NA,NA,42.5,8.6,1015,298,1069,272,NA,NA,NA,NA,242,232
10005050801,"Census Tract 508.01, Sussex County, Delaware",129,82,5,7,25,25,99,67,0,12,0,12,0,12,17,17,9,14,5,7,15,17,16,20,66,55,0,12,0,12,44,51,12,20,0,12,10,17,22,35,42,53,0,12,0,12,0,12,829,274,NA,NA,591,25,31.2,2.6,841,291,1625,241,NA,NA,NA,NA,258,258
10001042800,"Census Tract 428, Kent County, Delaware",123,94,57,76,8,10,158,84,0,17,0,17,4,6,21,17,19,21,3,5,0,17,76,64,5,9,54,76,0,17,57,52,78,84,0,17,4,7,4,8,21,32,0,17,0,17,0,17,1053,329,NA,NA,318,52,31.3,4.4,851,17,1645,620,1399,134,NA,NA,346,346
10001042202,"Census Tract 422.02, Kent County, Delaware",34,43,0,17,151,113,187,137,0,17,0,17,6,10,42,58,0,17,0,17,0,17,22,27,0,17,0,17,2,4,106,111,6,10,0,17,143,112,17,26,28,42,0,17,0,17,0,17,1229,209,NA,NA,NA,NA,45.3,6.7,NA,NA,1208,149,1730,45,NA,NA,372,372
10001043100,"Census Tract 431, Kent County, Delaware",1,2,3,6,0,12,24,23,0,12,0,12,0,12,0,12,0,12,0,12,0,12,18,21,1,2,0,12,0,12,6,11,0,12,0,12,0,12,0,12,0,12,3,6,0,12,0,12,1061,169,NA,NA,NA,NA,12.8,5.9,987,215,1080,110,NA,NA,NA,NA,28,28
10001040201,"Census Tract 402.01, Kent County, Delaware",37,32,61,45,26,27,156,82,0,12,0,12,0,12,49,55,0,12,0,12,0,12,82,65,25,26,31,30,26,27,25,20,12,19,6,11,0,12,0,12,0,12,24,29,0,12,0,12,1153,86,NA,NA,888,95,28,5.3,1079,49,1410,51,1361,44,NA,NA,280,280
10001041600,"Census Tract 416, Kent County, Delaware",27,27,7,11,12,14,66,47,0,12,0,12,0,12,20,30,6,8,0,12,0,12,0,12,0,12,0,12,12,14,46,34,21,25,7,11,0,12,0,12,0,12,0,12,0,12,0,12,1112,82,NA,NA,NA,NA,33.9,14.5,1064,260,1196,210,NA,NA,NA,NA,112,112
10001042100,"Census Tract 421, Kent County, Delaware",5,8,10,16,48,60,79,61,0,12,0,12,0,12,10,13,0,12,0,12,0,12,58,59,0,12,10,16,48,60,11,16,5,8,0,12,0,12,0,12,0,12,0,12,0,12,0,12,952,52,NA,NA,NA,NA,47.4,11.9,955,23,745,395,NA,NA,NA,NA,142,142
10001043000,"Census Tract 430, Kent County, Delaware",208,136,129,99,0,17,230,135,0,17,0,17,0,17,117,101,76,92,0,17,0,17,93,113,0,17,29,48,0,17,20,34,57,59,33,41,0,17,0,17,75,105,67,61,0,17,0,17,888,199,NA,NA,821,186,33.6,3.3,818,470,1588,855,NA,NA,NA,NA,567,567
10001041702,"Census Tract 417.02, Kent County, Delaware",50,52,0,12,62,57,40,47,0,12,0,12,0,12,21,34,0,12,0,12,0,12,19,31,19,27,0,12,62,57,0,12,0,12,0,12,0,12,0,12,31,44,0,12,0,12,0,12,1058,285,NA,NA,NA,NA,31.3,10.2,897,270,953,274,1794,126,NA,NA,152,152
10001040202,"Census Tract 402.02, Kent County, Delaware",108,107,38,59,0,19,153,94,0,19,0,19,0,19,0,19,0,19,0,19,0,19,0,19,56,91,38,59,0,19,112,76,17,27,0,19,0,19,41,58,35,54,0,19,0,19,0,19,1168,141,NA,NA,956,19,25.5,6.7,1063,144,1332,145,1609,980,NA,NA,299,299
10001040203,"Census Tract 402.03, Kent County, Delaware",13,21,65,62,56,73,141,113,0,17,0,17,0,17,54,52,0,17,36,41,42,70,87,99,0,17,29,48,14,22,0,17,13,21,0,17,0,17,0,17,0,17,0,17,0,17,0,17,816,302,NA,NA,NA,NA,37.2,10.2,751,58,1336,82,NA,NA,NA,NA,275,275
10001040900,"Census Tract 409, Kent County, Delaware",94,76,48,41,20,24,155,78,0,12,0,12,0,12,33,31,44,53,11,16,9,15,115,72,50,59,20,22,0,12,7,25,0,12,17,34,11,17,0,12,0,12,0,12,0,12,0,12,669,77,NA,NA,470,123,29,2,971,183,NA,NA,NA,NA,NA,NA,317,317
10001041300,"Census Tract 413, Kent County, Delaware",41,43,10,13,40,33,222,80,0,12,8,12,0,12,105,56,24,39,0,12,4,8,90,64,6,10,2,4,31,31,21,21,6,9,0,12,5,8,6,10,5,7,0,12,0,12,0,12,847,78,NA,NA,877,42,30.4,7.5,745,154,1132,268,NA,NA,NA,NA,313,313
10001041701,"Census Tract 417.01, Kent County, Delaware",22,22,56,66,40,39,122,90,0,17,0,17,0,17,49,46,0,17,0,17,16,18,15,18,11,19,0,17,24,35,58,74,3,8,0,17,0,17,0,17,8,9,56,66,0,17,0,17,1385,258,NA,NA,732,17,29.1,8.5,1013,133,1650,93,1222,292,NA,NA,240,240
